start,end,speaker
0.73971875,5.0259687500000005,SPEAKER_00
7.9790937500000005,13.51409375,SPEAKER_00
14.239718750000002,14.52659375,SPEAKER_00
14.52659375,15.437843750000003,SPEAKER_01
