start,end,speaker
0.03096875,2.46096875,SPEAKER_00
3.3215937500000003,6.865343750000001,SPEAKER_00
