start,end,speaker
0.85784375,45.23909375,SPEAKER_00
46.01534375,54.60471875,SPEAKER_00
