start,end,speaker
0.03096875,7.000343750000001,SPEAKER_00
10.25721875,10.746593750000002,SPEAKER_00
